{
    "Mcjo": 201574.0,
    "Exebj": 322175.0,
    "Pxnufe": 301661.67449964315,
    "Fyvo": 402033.0,
    "Exie": 209756.0,
    "Akqk": 639704.2324273009,
    "Xzidio": 325230.0,
    "Fluw": 319812.0,
    "Nlyeoy": 621401.0437729873,
    "Wrjexx": 456869.0,
    "Cttyrl": 260134.0,
    "Eynsx": 102345.82475479554,
    "Xyanw": 481853.1235834161,
    "Mruxska": 44897.0,
    "Brvworn": 74885.0,
    "Fmsa": 98266.0,
    "Mudgem": 118747.0,
    "Pixw": 16791.740346379756,
    "Ijfev": 282674.68917913816,
    "Jvqu": 332.6227245982079
}